"","YEAR","MONTH","DAY_OF_MONTH","Region","NumFlights","NumCancels","NumWeatherCancels","NumCarrierCancels","NumNatAirSys","NumSecurity"
"1",2017,1,1,"East",2123,10,1,9,0,0
"2",2017,1,1,"Mid",2065,7,2,3,2,0
"3",2017,1,1,"South",4682,21,1,19,1,0
"4",2017,1,1,"West",4967,55,21,34,0,0
"5",2017,1,2,"East",2455,24,16,6,2,0
"6",2017,1,2,"Mid",2500,89,82,3,4,0
"7",2017,1,2,"South",5381,127,70,53,4,0
"8",2017,1,2,"West",5420,109,78,14,17,0
"9",2017,1,3,"East",2366,20,4,8,8,0
"10",2017,1,3,"Mid",2400,57,36,13,8,0
"11",2017,1,3,"South",5199,38,14,19,5,0
"12",2017,1,3,"West",5262,161,73,29,59,0
"13",2017,1,4,"East",2301,7,4,3,0,0
"14",2017,1,4,"Mid",2341,23,18,2,3,0
"15",2017,1,4,"South",4980,37,23,14,0,0
"16",2017,1,4,"West",5009,154,105,17,32,0
"17",2017,1,5,"East",2304,11,3,8,0,0
"18",2017,1,5,"Mid",2385,36,22,11,3,0
"19",2017,1,5,"South",5098,44,19,24,1,0
"20",2017,1,5,"West",5080,196,145,25,26,0
"21",2017,1,6,"East",2311,119,47,21,5,46
"22",2017,1,6,"Mid",2393,83,43,26,4,10
"23",2017,1,6,"South",5119,633,354,138,11,130
"24",2017,1,6,"West",5121,95,44,34,5,12
"25",2017,1,7,"East",1825,463,316,51,67,29
"26",2017,1,7,"Mid",1789,139,90,21,23,5
"27",2017,1,7,"South",4193,738,529,108,61,40
"28",2017,1,7,"West",4239,223,164,24,29,6
"29",2017,1,8,"East",2165,149,91,23,35,0
"30",2017,1,8,"Mid",2330,48,24,20,4,0
"31",2017,1,8,"South",4907,173,104,53,16,0
"32",2017,1,8,"West",4829,402,242,75,85,0
"33",2017,1,9,"East",2440,32,6,23,3,0
"34",2017,1,9,"Mid",2602,23,11,5,7,0
"35",2017,1,9,"South",5169,58,33,22,3,0
"36",2017,1,9,"West",5004,203,113,31,59,0
"37",2017,1,10,"East",2344,38,15,13,10,0
"38",2017,1,10,"Mid",2519,176,112,12,52,0
"39",2017,1,10,"South",4930,49,26,17,6,0
"40",2017,1,10,"West",4727,240,140,19,81,0
"41",2017,1,11,"East",2362,24,9,13,2,0
"42",2017,1,11,"Mid",2546,67,60,4,3,0
"43",2017,1,11,"South",5018,18,8,10,0,0
"44",2017,1,11,"West",4842,118,79,35,4,0
"45",2017,1,12,"East",2442,8,3,5,0,0
"46",2017,1,12,"Mid",2618,52,36,9,7,0
"47",2017,1,12,"South",5237,13,3,6,4,0
"48",2017,1,12,"West",5009,30,7,15,8,0
"49",2017,1,13,"East",2439,15,9,3,3,0
"50",2017,1,13,"Mid",2620,61,53,5,3,0
"51",2017,1,13,"South",5239,56,50,4,2,0
"52",2017,1,13,"West",5055,34,26,8,0,0
"53",2017,1,14,"East",1760,94,93,1,0,0
"54",2017,1,14,"Mid",1788,65,60,3,2,0
"55",2017,1,14,"South",3935,57,46,10,1,0
"56",2017,1,14,"West",4024,36,27,9,0,0
"57",2017,1,15,"East",2015,11,6,5,0,0
"58",2017,1,15,"Mid",2127,94,87,5,2,0
"59",2017,1,15,"South",4483,100,58,42,0,0
"60",2017,1,15,"West",4469,56,41,15,0,0
"61",2017,1,16,"East",2409,15,9,6,0,0
"62",2017,1,16,"Mid",2587,129,118,7,4,0
"63",2017,1,16,"South",5161,74,56,18,0,0
"64",2017,1,16,"West",4985,42,26,16,0,0
"65",2017,1,17,"East",2343,4,2,2,0,0
"66",2017,1,17,"Mid",2503,38,28,6,4,0
"67",2017,1,17,"South",4924,11,3,8,0,0
"68",2017,1,17,"West",4727,85,40,39,6,0
"69",2017,1,18,"East",2369,11,3,2,6,0
"70",2017,1,18,"Mid",2528,6,3,1,2,0
"71",2017,1,18,"South",5021,13,4,8,1,0
"72",2017,1,18,"West",4841,142,88,17,37,0
"73",2017,1,19,"East",2446,14,0,5,9,0
"74",2017,1,19,"Mid",2602,22,19,2,1,0
"75",2017,1,19,"South",5234,13,2,9,2,0
"76",2017,1,19,"West",5011,41,27,12,2,0
"77",2017,1,20,"East",2444,9,4,3,2,0
"78",2017,1,20,"Mid",2608,41,36,5,0,0
"79",2017,1,20,"South",5247,36,17,17,2,0
"80",2017,1,20,"West",5048,113,89,13,11,0
"81",2017,1,21,"East",1800,4,1,3,0,0
"82",2017,1,21,"Mid",1828,53,47,6,0,0
"83",2017,1,21,"South",4038,28,12,14,2,0
"84",2017,1,21,"West",4077,29,14,14,1,0
"85",2017,1,22,"East",2192,57,36,18,3,0
"86",2017,1,22,"Mid",2384,131,121,6,4,0
"87",2017,1,22,"South",4842,125,88,34,3,0
"88",2017,1,22,"West",4713,159,62,24,73,0
"89",2017,1,23,"East",2441,138,42,23,73,0
"90",2017,1,23,"Mid",2596,76,45,11,20,0
"91",2017,1,23,"South",5170,130,70,38,22,0
"92",2017,1,23,"West",4986,98,56,21,21,0
"93",2017,1,24,"East",2338,39,10,8,21,0
"94",2017,1,24,"Mid",2510,12,5,4,3,0
"95",2017,1,24,"South",4922,12,1,10,1,0
"96",2017,1,24,"West",4716,41,14,16,11,0
"97",2017,1,25,"East",2356,7,0,7,0,0
"98",2017,1,25,"Mid",2539,6,0,5,1,0
"99",2017,1,25,"South",5017,4,0,4,0,0
"100",2017,1,25,"West",4835,12,3,8,1,0
"101",2017,1,26,"East",2442,0,0,0,0,0
"102",2017,1,26,"Mid",2613,3,0,2,1,0
"103",2017,1,26,"South",5235,2,0,2,0,0
"104",2017,1,26,"West",5000,11,0,11,0,0
"105",2017,1,27,"East",2442,1,0,1,0,0
"106",2017,1,27,"Mid",2606,8,2,6,0,0
"107",2017,1,27,"South",5249,7,0,7,0,0
"108",2017,1,27,"West",5042,33,6,27,0,0
"109",2017,1,28,"East",1786,2,0,2,0,0
"110",2017,1,28,"Mid",1814,2,0,2,0,0
"111",2017,1,28,"South",4038,2,0,2,0,0
"112",2017,1,28,"West",4067,10,4,6,0,0
"113",2017,1,29,"East",2180,16,0,16,0,0
"114",2017,1,29,"Mid",2374,36,0,36,0,0
"115",2017,1,29,"South",4815,76,0,75,1,0
"116",2017,1,29,"West",4693,23,0,23,0,0
"117",2017,1,30,"East",2438,35,3,32,0,0
"118",2017,1,30,"Mid",2608,24,2,20,2,0
"119",2017,1,30,"South",5170,43,0,43,0,0
"120",2017,1,30,"West",4971,24,4,20,0,0
"121",2017,1,31,"East",2336,43,15,12,16,0
"122",2017,1,31,"Mid",2516,18,8,3,7,0
"123",2017,1,31,"South",4923,14,6,4,4,0
"124",2017,1,31,"West",4712,82,66,13,3,0
"125",2017,2,1,"East",2366,5,0,5,0,0
"126",2017,2,1,"Mid",2541,11,2,5,4,0
"127",2017,2,1,"South",5018,12,2,7,3,0
"128",2017,2,1,"West",4850,63,40,12,11,0
"129",2017,2,2,"East",2448,3,0,3,0,0
"130",2017,2,2,"Mid",2620,5,2,3,0,0
"131",2017,2,2,"South",5243,9,2,4,3,0
"132",2017,2,2,"West",5011,99,53,7,39,0
"133",2017,2,3,"East",2458,2,0,2,0,0
"134",2017,2,3,"Mid",2621,3,0,2,1,0
"135",2017,2,3,"South",5256,8,4,3,1,0
"136",2017,2,3,"West",5047,124,75,5,44,0
"137",2017,2,4,"East",1780,5,0,5,0,0
"138",2017,2,4,"Mid",1762,3,0,3,0,0
"139",2017,2,4,"South",3963,7,3,3,1,0
"140",2017,2,4,"West",4016,14,6,8,0,0
"141",2017,2,5,"East",1953,1,0,1,0,0
"142",2017,2,5,"Mid",2018,1,1,0,0,0
"143",2017,2,5,"South",4328,2,2,0,0,0
"144",2017,2,5,"West",4215,47,21,13,13,0
"145",2017,2,6,"East",2441,9,1,8,0,0
"146",2017,2,6,"Mid",2598,7,7,0,0,0
"147",2017,2,6,"South",5204,22,12,10,0,0
"148",2017,2,6,"West",4997,244,166,23,55,0
"149",2017,2,7,"East",2348,10,1,8,1,0
"150",2017,2,7,"Mid",2510,28,23,4,1,0
"151",2017,2,7,"South",4928,6,2,3,1,0
"152",2017,2,7,"West",4745,136,89,13,34,0
"153",2017,2,8,"East",2371,41,27,6,8,0
"154",2017,2,8,"Mid",2539,47,38,4,5,0
"155",2017,2,8,"South",5022,109,97,9,3,0
"156",2017,2,8,"West",4858,132,85,19,28,0
"157",2017,2,9,"East",2457,1357,1266,47,44,0
"158",2017,2,9,"Mid",2615,190,171,15,4,0
"159",2017,2,9,"South",5252,487,465,16,6,0
"160",2017,2,9,"West",5026,268,192,21,55,0
"161",2017,2,10,"East",2464,132,118,8,6,0
"162",2017,2,10,"Mid",2614,16,15,1,0,0
"163",2017,2,10,"South",5252,23,12,8,3,0
"164",2017,2,10,"West",5060,22,9,8,5,0
"165",2017,2,11,"East",1802,2,0,2,0,0
"166",2017,2,11,"Mid",1825,1,1,0,0,0
"167",2017,2,11,"South",4049,3,1,2,0,0
"168",2017,2,11,"West",4083,30,19,11,0,0
"169",2017,2,12,"East",2197,223,157,8,58,0
"170",2017,2,12,"Mid",2387,57,35,4,18,0
"171",2017,2,12,"South",4853,110,91,9,10,0
"172",2017,2,12,"West",4732,49,38,7,4,0
"173",2017,2,13,"East",2455,379,279,18,82,0
"174",2017,2,13,"Mid",2605,49,16,3,30,0
"175",2017,2,13,"South",5188,55,29,4,22,0
"176",2017,2,13,"West",5008,29,16,10,3,0
"177",2017,2,14,"East",2292,7,2,4,1,0
"178",2017,2,14,"Mid",2428,1,0,1,0,0
"179",2017,2,14,"South",4779,15,10,3,2,0
"180",2017,2,14,"West",4541,13,1,12,0,0
"181",2017,2,15,"East",2383,13,5,4,4,0
"182",2017,2,15,"Mid",2543,5,2,2,1,0
"183",2017,2,15,"South",5027,8,3,5,0,0
"184",2017,2,15,"West",4891,44,17,27,0,0
"185",2017,2,16,"East",2463,14,2,12,0,0
"186",2017,2,16,"Mid",2663,6,0,5,1,0
"187",2017,2,16,"South",5301,14,0,14,0,0
"188",2017,2,16,"West",5117,25,4,7,14,0
"189",2017,2,17,"East",2475,14,0,12,2,0
"190",2017,2,17,"Mid",2708,10,8,1,1,0
"191",2017,2,17,"South",5337,38,25,11,2,0
"192",2017,2,17,"West",5188,471,405,3,63,0
"193",2017,2,18,"East",1830,5,0,4,1,0
"194",2017,2,18,"Mid",1892,2,0,2,0,0
"195",2017,2,18,"South",4164,7,0,4,3,0
"196",2017,2,18,"West",4170,26,14,9,3,0
"197",2017,2,19,"East",2062,0,0,0,0,0
"198",2017,2,19,"Mid",2220,1,1,0,0,0
"199",2017,2,19,"South",4658,0,0,0,0,0
"200",2017,2,19,"West",4635,75,44,4,27,0
"201",2017,2,20,"East",2461,7,1,4,2,0
"202",2017,2,20,"Mid",2691,7,3,3,1,0
"203",2017,2,20,"South",5331,23,17,4,2,0
"204",2017,2,20,"West",5136,128,82,1,45,0
"205",2017,2,21,"East",2424,5,0,5,0,0
"206",2017,2,21,"Mid",2680,8,2,6,0,0
"207",2017,2,21,"South",5285,9,0,7,2,0
"208",2017,2,21,"West",5031,20,13,2,5,0
"209",2017,2,22,"East",2422,5,0,5,0,0
"210",2017,2,22,"Mid",2685,11,4,7,0,0
"211",2017,2,22,"South",5288,10,1,9,0,0
"212",2017,2,22,"West",5052,15,4,11,0,0
"213",2017,2,23,"East",2463,4,0,4,0,0
"214",2017,2,23,"Mid",2717,13,7,5,1,0
"215",2017,2,23,"South",5341,9,1,8,0,0
"216",2017,2,23,"West",5158,39,30,7,2,0
"217",2017,2,24,"East",2471,2,2,0,0,0
"218",2017,2,24,"Mid",2716,24,18,6,0,0
"219",2017,2,24,"South",5353,3,1,2,0,0
"220",2017,2,24,"West",5194,15,10,5,0,0
"221",2017,2,25,"East",1870,28,22,5,1,0
"222",2017,2,25,"Mid",1978,14,10,3,1,0
"223",2017,2,25,"South",4318,23,15,8,0,0
"224",2017,2,25,"West",4267,24,19,5,0,0
"225",2017,2,26,"East",2247,3,1,2,0,0
"226",2017,2,26,"Mid",2484,9,4,4,1,0
"227",2017,2,26,"South",5054,8,1,5,2,0
"228",2017,2,26,"West",4915,9,6,3,0,0
"229",2017,2,27,"East",2471,4,0,4,0,0
"230",2017,2,27,"Mid",2706,10,4,6,0,0
"231",2017,2,27,"South",5345,7,1,5,1,0
"232",2017,2,27,"West",5149,39,30,8,1,0
"233",2017,2,28,"East",2415,27,12,5,10,0
"234",2017,2,28,"Mid",2665,127,68,7,52,0
"235",2017,2,28,"South",5184,29,14,8,7,0
"236",2017,2,28,"West",4971,51,38,13,0,0
"237",2017,3,1,"East",2450,81,13,5,63,0
"238",2017,3,1,"Mid",2687,66,43,5,18,0
"239",2017,3,1,"South",5276,59,22,8,29,0
"240",2017,3,1,"West",5040,35,3,24,8,0
"241",2017,3,2,"East",2503,69,24,11,34,0
"242",2017,3,2,"Mid",2712,32,12,10,10,0
"243",2017,3,2,"South",5339,27,10,8,9,0
"244",2017,3,2,"West",5168,24,3,4,17,0
"245",2017,3,3,"East",2515,5,2,2,1,0
"246",2017,3,3,"Mid",2712,5,2,2,1,0
"247",2017,3,3,"South",5350,6,0,6,0,0
"248",2017,3,3,"West",5215,15,3,7,5,0
"249",2017,3,4,"East",1888,9,0,9,0,0
"250",2017,3,4,"Mid",1975,6,1,5,0,0
"251",2017,3,4,"South",4305,8,0,8,0,0
"252",2017,3,4,"West",4280,16,9,5,2,0
"253",2017,3,5,"East",2276,1,0,1,0,0
"254",2017,3,5,"Mid",2532,3,0,3,0,0
"255",2017,3,5,"South",5057,2,0,2,0,0
"256",2017,3,5,"West",4946,28,21,6,1,0
"257",2017,3,6,"East",2527,6,2,2,2,0
"258",2017,3,6,"Mid",2760,45,31,2,12,0
"259",2017,3,6,"South",5355,25,8,7,10,0
"260",2017,3,6,"West",5188,184,93,10,81,0
"261",2017,3,7,"East",2462,14,0,11,3,0
"262",2017,3,7,"Mid",2719,27,17,3,7,0
"263",2017,3,7,"South",5209,20,2,9,9,0
"264",2017,3,7,"West",4993,87,24,8,55,0
"265",2017,3,8,"East",2475,7,3,2,2,0
"266",2017,3,8,"Mid",2737,23,19,2,2,0
"267",2017,3,8,"South",5295,6,0,6,0,0
"268",2017,3,8,"West",5084,29,6,4,19,0
"269",2017,3,9,"East",2613,12,1,6,5,0
"270",2017,3,9,"Mid",2854,8,0,2,6,0
"271",2017,3,9,"South",5508,6,0,2,4,0
"272",2017,3,9,"West",5284,19,4,15,0,0
"273",2017,3,10,"East",2634,109,33,35,41,0
"274",2017,3,10,"Mid",2858,25,1,14,10,0
"275",2017,3,10,"South",5540,31,10,11,10,0
"276",2017,3,10,"West",5347,17,2,10,5,0
"277",2017,3,11,"East",2048,8,4,4,0,0
"278",2017,3,11,"Mid",2259,1,0,1,0,0
"279",2017,3,11,"South",4770,9,1,8,0,0
"280",2017,3,11,"West",4593,14,2,12,0,0
"281",2017,3,12,"East",2425,9,2,7,0,0
"282",2017,3,12,"Mid",2706,26,18,8,0,0
"283",2017,3,12,"South",5415,32,16,16,0,0
"284",2017,3,12,"West",5190,33,21,12,0,0
"285",2017,3,13,"East",2629,157,142,7,8,0
"286",2017,3,13,"Mid",2863,411,344,13,54,0
"287",2017,3,13,"South",5534,322,290,22,10,0
"288",2017,3,13,"West",5302,274,245,12,17,0
"289",2017,3,14,"East",2567,2153,2107,7,39,0
"290",2017,3,14,"Mid",2820,625,583,9,33,0
"291",2017,3,14,"South",5359,890,873,7,10,0
"292",2017,3,14,"West",5125,299,247,22,30,0
"293",2017,3,15,"East",2579,526,475,8,43,0
"294",2017,3,15,"Mid",2849,77,50,11,16,0
"295",2017,3,15,"South",5452,97,82,11,4,0
"296",2017,3,15,"West",5229,33,13,20,0,0
"297",2017,3,16,"East",2638,12,4,4,4,0
"298",2017,3,16,"Mid",2872,4,0,4,0,0
"299",2017,3,16,"South",5539,11,0,10,1,0
"300",2017,3,16,"West",5359,24,4,14,6,0
"301",2017,3,17,"East",2635,4,0,1,3,0
"302",2017,3,17,"Mid",2874,10,6,4,0,0
"303",2017,3,17,"South",5543,5,1,4,0,0
"304",2017,3,17,"West",5374,13,3,10,0,0
"305",2017,3,18,"East",2079,18,0,11,7,0
"306",2017,3,18,"Mid",2268,11,2,9,0,0
"307",2017,3,18,"South",4784,22,1,21,0,0
"308",2017,3,18,"West",4646,10,2,8,0,0
"309",2017,3,19,"East",2431,12,0,11,1,0
"310",2017,3,19,"Mid",2717,14,0,14,0,0
"311",2017,3,19,"South",5424,47,0,47,0,0
"312",2017,3,19,"West",5208,9,0,9,0,0
"313",2017,3,20,"East",2635,6,0,6,0,0
"314",2017,3,20,"Mid",2867,3,0,3,0,0
"315",2017,3,20,"South",5534,24,0,24,0,0
"316",2017,3,20,"West",5304,101,68,6,27,0
"317",2017,3,21,"East",2576,2,1,1,0,0
"318",2017,3,21,"Mid",2827,5,4,1,0,0
"319",2017,3,21,"South",5359,7,2,5,0,0
"320",2017,3,21,"West",5124,19,3,11,5,0
"321",2017,3,22,"East",2591,22,2,1,19,0
"322",2017,3,22,"Mid",2848,7,0,3,4,0
"323",2017,3,22,"South",5448,12,0,3,9,0
"324",2017,3,22,"West",5234,19,1,10,8,0
"325",2017,3,23,"East",2643,5,0,2,3,0
"326",2017,3,23,"Mid",2873,7,5,2,0,0
"327",2017,3,23,"South",5536,2,0,2,0,0
"328",2017,3,23,"West",5364,15,5,6,4,0
"329",2017,3,24,"East",2640,1,0,1,0,0
"330",2017,3,24,"Mid",2878,17,14,1,2,0
"331",2017,3,24,"South",5537,24,7,9,8,0
"332",2017,3,24,"West",5374,122,92,8,22,0
"333",2017,3,25,"East",2087,5,0,5,0,0
"334",2017,3,25,"Mid",2267,1,1,0,0,0
"335",2017,3,25,"South",4785,6,1,5,0,0
"336",2017,3,25,"West",4643,2,0,1,1,0
"337",2017,3,26,"East",2432,12,1,5,6,0
"338",2017,3,26,"Mid",2710,5,1,1,3,0
"339",2017,3,26,"South",5363,10,1,8,1,0
"340",2017,3,26,"West",5196,0,0,0,0,0
"341",2017,3,27,"East",2631,21,0,2,19,0
"342",2017,3,27,"Mid",2868,18,4,6,8,0
"343",2017,3,27,"South",5529,4,0,2,2,0
"344",2017,3,27,"West",5291,6,4,2,0,0
"345",2017,3,28,"East",2574,79,11,12,56,0
"346",2017,3,28,"Mid",2820,25,6,4,15,0
"347",2017,3,28,"South",5353,36,7,12,17,0
"348",2017,3,28,"West",5108,17,5,12,0,0
"349",2017,3,29,"East",2593,8,0,7,1,0
"350",2017,3,29,"Mid",2846,3,2,1,0,0
"351",2017,3,29,"South",5452,64,30,17,17,0
"352",2017,3,29,"West",5209,18,4,14,0,0
"353",2017,3,30,"East",2641,7,0,7,0,0
"354",2017,3,30,"Mid",2869,3,1,0,2,0
"355",2017,3,30,"South",5535,10,1,8,1,0
"356",2017,3,30,"West",5302,103,36,34,33,0
"357",2017,3,31,"East",2635,87,8,21,58,0
"358",2017,3,31,"Mid",2875,28,1,12,15,0
"359",2017,3,31,"South",5524,40,3,21,16,0
"360",2017,3,31,"West",5302,22,14,8,0,0
"361",2017,4,1,"East",2064,35,10,22,3,0
"362",2017,4,1,"Mid",2210,18,6,12,0,0
"363",2017,4,1,"South",4720,30,4,25,1,0
"364",2017,4,1,"West",4520,65,56,7,2,0
"365",2017,4,2,"East",2420,11,0,10,1,0
"366",2017,4,2,"Mid",2741,9,1,3,5,0
"367",2017,4,2,"South",5353,67,28,38,1,0
"368",2017,4,2,"West",5167,79,42,13,24,0
"369",2017,4,3,"East",2630,43,8,16,19,0
"370",2017,4,3,"Mid",2896,9,3,5,1,0
"371",2017,4,3,"South",5515,155,86,63,6,0
"372",2017,4,3,"West",5266,10,0,6,4,0
"373",2017,4,4,"East",2587,37,10,12,15,0
"374",2017,4,4,"Mid",2863,21,5,10,6,0
"375",2017,4,4,"South",5284,37,7,25,5,0
"376",2017,4,4,"West",5082,19,2,17,0,0
"377",2017,4,5,"East",2614,132,82,28,22,0
"378",2017,4,5,"Mid",2877,141,92,26,23,0
"379",2017,4,5,"South",5307,859,609,170,80,0
"380",2017,4,5,"West",5137,58,21,35,2,0
"381",2017,4,6,"East",2661,449,140,170,139,0
"382",2017,4,6,"Mid",2913,360,144,136,80,0
"383",2017,4,6,"South",5449,880,281,519,80,0
"384",2017,4,6,"West",5220,157,44,84,29,0
"385",2017,4,7,"East",2654,244,37,188,19,0
"386",2017,4,7,"Mid",2919,211,21,176,14,0
"387",2017,4,7,"South",5459,512,28,459,25,0
"388",2017,4,7,"West",5251,139,30,102,7,0
"389",2017,4,8,"East",2102,78,1,75,2,0
"390",2017,4,8,"Mid",2200,87,3,83,1,0
"391",2017,4,8,"South",4663,208,4,203,1,0
"392",2017,4,8,"West",4378,52,2,50,0,0
"393",2017,4,9,"East",2451,44,0,44,0,0
"394",2017,4,9,"Mid",2742,30,2,25,3,0
"395",2017,4,9,"South",5291,102,3,98,1,0
"396",2017,4,9,"West",5051,35,1,34,0,0
"397",2017,4,10,"East",2656,17,2,13,2,0
"398",2017,4,10,"Mid",2910,89,64,5,20,0
"399",2017,4,10,"South",5456,46,29,16,1,0
"400",2017,4,10,"West",5194,8,5,2,1,0
"401",2017,4,11,"East",2595,9,1,4,4,0
"402",2017,4,11,"Mid",2864,15,11,2,2,0
"403",2017,4,11,"South",5291,46,31,14,1,0
"404",2017,4,11,"West",5073,24,5,14,5,0
"405",2017,4,12,"East",2611,2,1,1,0,0
"406",2017,4,12,"Mid",2878,5,0,5,0,0
"407",2017,4,12,"South",5310,8,2,6,0,0
"408",2017,4,12,"West",5133,21,1,8,12,0
"409",2017,4,13,"East",2660,4,0,4,0,0
"410",2017,4,13,"Mid",2917,2,1,1,0,0
"411",2017,4,13,"South",5453,5,0,5,0,0
"412",2017,4,13,"West",5217,6,0,6,0,0
"413",2017,4,14,"East",2641,0,0,0,0,0
"414",2017,4,14,"Mid",2921,3,1,2,0,0
"415",2017,4,14,"South",5440,5,0,5,0,0
"416",2017,4,14,"West",5229,11,1,10,0,0
"417",2017,4,15,"East",2077,1,0,1,0,0
"418",2017,4,15,"Mid",2120,2,0,2,0,0
"419",2017,4,15,"South",4537,6,0,5,1,0
"420",2017,4,15,"West",4308,6,0,6,0,0
"421",2017,4,16,"East",2401,3,0,3,0,0
"422",2017,4,16,"Mid",2580,3,0,3,0,0
"423",2017,4,16,"South",5116,5,1,4,0,0
"424",2017,4,16,"West",4921,8,0,4,4,0
"425",2017,4,17,"East",2660,10,2,8,0,0
"426",2017,4,17,"Mid",2915,6,4,2,0,0
"427",2017,4,17,"South",5454,72,53,15,4,0
"428",2017,4,17,"West",5215,24,12,8,4,0
"429",2017,4,18,"East",2598,6,2,4,0,0
"430",2017,4,18,"Mid",2867,2,0,2,0,0
"431",2017,4,18,"South",5295,13,3,9,1,0
"432",2017,4,18,"West",5084,21,1,14,6,0
"433",2017,4,19,"East",2610,2,0,2,0,0
"434",2017,4,19,"Mid",2884,5,2,2,1,0
"435",2017,4,19,"South",5304,3,0,3,0,0
"436",2017,4,19,"West",5134,6,1,5,0,0
"437",2017,4,20,"East",2660,47,30,4,13,0
"438",2017,4,20,"Mid",2916,41,27,10,4,0
"439",2017,4,20,"South",5444,29,10,15,4,0
"440",2017,4,20,"West",5228,5,0,3,2,0
"441",2017,4,21,"East",2664,35,20,6,9,0
"442",2017,4,21,"Mid",2921,11,6,2,3,0
"443",2017,4,21,"South",5461,34,21,11,2,0
"444",2017,4,21,"West",5268,21,7,1,13,0
"445",2017,4,22,"East",2110,2,1,0,1,0
"446",2017,4,22,"Mid",2187,6,1,5,0,0
"447",2017,4,22,"South",4646,12,0,12,0,0
"448",2017,4,22,"West",4396,59,30,9,20,0
"449",2017,4,23,"East",2453,0,0,0,0,0
"450",2017,4,23,"Mid",2748,9,4,4,1,0
"451",2017,4,23,"South",5275,7,2,3,2,0
"452",2017,4,23,"West",5072,158,87,3,68,0
"453",2017,4,24,"East",2669,6,2,4,0,0
"454",2017,4,24,"Mid",2913,6,4,2,0,0
"455",2017,4,24,"South",5449,17,7,10,0,0
"456",2017,4,24,"West",5216,98,62,11,25,0
"457",2017,4,25,"East",2590,68,4,5,59,0
"458",2017,4,25,"Mid",2836,16,1,3,12,0
"459",2017,4,25,"South",5201,21,2,3,16,0
"460",2017,4,25,"West",5052,11,1,4,6,0
"461",2017,4,26,"East",2612,22,1,9,12,0
"462",2017,4,26,"Mid",2857,8,1,3,4,0
"463",2017,4,26,"South",5236,29,4,13,12,0
"464",2017,4,26,"West",5148,48,25,7,16,0
"465",2017,4,27,"East",2677,14,0,8,6,0
"466",2017,4,27,"Mid",2903,11,2,8,1,0
"467",2017,4,27,"South",5371,17,4,8,5,0
"468",2017,4,27,"West",5271,41,20,8,13,0
"469",2017,4,28,"East",2684,15,1,7,7,0
"470",2017,4,28,"Mid",2901,8,4,3,1,0
"471",2017,4,28,"South",5400,7,1,5,1,0
"472",2017,4,28,"West",5296,24,1,10,13,0
"473",2017,4,29,"East",2064,17,9,7,1,0
"474",2017,4,29,"Mid",2087,53,43,9,1,0
"475",2017,4,29,"South",4436,143,121,22,0,0
"476",2017,4,29,"West",4348,76,40,13,23,0
"477",2017,4,30,"East",2451,16,1,11,4,0
"478",2017,4,30,"Mid",2729,37,13,18,6,0
"479",2017,4,30,"South",5171,48,20,17,11,0
"480",2017,4,30,"West",5078,70,25,18,27,0
"481",2017,5,1,"East",2681,91,21,8,62,0
"482",2017,5,1,"Mid",2923,51,21,18,12,0
"483",2017,5,1,"South",5357,43,14,16,13,0
"484",2017,5,1,"West",5247,23,0,10,13,0
"485",2017,5,2,"East",2610,20,5,10,5,0
"486",2017,5,2,"Mid",2881,10,0,9,1,0
"487",2017,5,2,"South",5185,14,2,11,1,0
"488",2017,5,2,"West",5124,13,0,9,4,0
"489",2017,5,3,"East",2617,11,2,9,0,0
"490",2017,5,3,"Mid",2892,14,4,6,4,0
"491",2017,5,3,"South",5202,112,35,20,57,0
"492",2017,5,3,"West",5191,44,3,30,11,0
"493",2017,5,4,"East",2666,19,7,12,0,0
"494",2017,5,4,"Mid",2930,19,5,14,0,0
"495",2017,5,4,"South",5346,54,23,19,12,0
"496",2017,5,4,"West",5274,38,7,23,8,0
"497",2017,5,5,"East",2662,166,26,30,110,0
"498",2017,5,5,"Mid",2978,42,7,19,16,0
"499",2017,5,5,"South",5339,74,15,32,27,0
"500",2017,5,5,"West",5337,26,2,16,8,0
"501",2017,5,6,"East",2041,24,6,11,7,0
"502",2017,5,6,"Mid",2165,17,1,16,0,0
"503",2017,5,6,"South",4395,31,2,28,1,0
"504",2017,5,6,"West",4418,39,0,26,13,0
"505",2017,5,7,"East",2455,17,0,15,2,0
"506",2017,5,7,"Mid",2804,19,0,18,1,0
"507",2017,5,7,"South",5154,27,0,26,1,0
"508",2017,5,7,"West",5149,56,9,30,17,0
"509",2017,5,8,"East",2682,17,0,15,2,0
"510",2017,5,8,"Mid",2987,25,2,22,1,0
"511",2017,5,8,"South",5345,27,0,25,2,0
"512",2017,5,8,"West",5306,40,9,31,0,0
"513",2017,5,9,"East",2625,11,0,11,0,0
"514",2017,5,9,"Mid",2957,16,0,16,0,0
"515",2017,5,9,"South",5246,17,0,17,0,0
"516",2017,5,9,"West",5222,28,2,22,4,0
"517",2017,5,10,"East",2637,18,0,16,2,0
"518",2017,5,10,"Mid",2959,23,1,13,9,0
"519",2017,5,10,"South",5270,22,0,22,0,0
"520",2017,5,10,"West",5273,25,0,21,4,0
"521",2017,5,11,"East",2677,20,0,20,0,0
"522",2017,5,11,"Mid",3000,26,3,19,4,0
"523",2017,5,11,"South",5328,30,1,27,2,0
"524",2017,5,11,"West",5330,33,0,29,4,0
"525",2017,5,12,"East",2683,6,0,6,0,0
"526",2017,5,12,"Mid",2994,6,0,5,1,0
"527",2017,5,12,"South",5351,19,0,18,1,0
"528",2017,5,12,"West",5353,19,2,13,4,0
"529",2017,5,13,"East",2023,25,0,4,21,0
"530",2017,5,13,"Mid",2108,7,0,6,1,0
"531",2017,5,13,"South",4314,20,0,13,7,0
"532",2017,5,13,"West",4379,54,18,13,23,0
"533",2017,5,14,"East",2419,4,0,3,1,0
"534",2017,5,14,"Mid",2673,2,0,2,0,0
"535",2017,5,14,"South",5013,7,0,6,1,0
"536",2017,5,14,"West",5038,19,4,3,12,0
"537",2017,5,15,"East",2682,18,0,3,15,0
"538",2017,5,15,"Mid",2987,2,0,0,2,0
"539",2017,5,15,"South",5350,9,0,6,3,0
"540",2017,5,15,"West",5324,13,0,8,5,0
"541",2017,5,16,"East",2626,6,0,4,2,0
"542",2017,5,16,"Mid",2958,7,4,1,2,0
"543",2017,5,16,"South",5253,5,0,5,0,0
"544",2017,5,16,"West",5232,61,31,8,22,0
"545",2017,5,17,"East",2632,30,1,3,26,0
"546",2017,5,17,"Mid",2959,66,46,4,16,0
"547",2017,5,17,"South",5271,11,2,5,4,0
"548",2017,5,17,"West",5283,28,8,8,12,0
"549",2017,5,18,"East",2676,32,4,20,8,0
"550",2017,5,18,"Mid",2993,39,28,10,1,0
"551",2017,5,18,"South",5332,108,77,28,3,0
"552",2017,5,18,"West",5335,35,17,12,6,0
"553",2017,5,19,"East",2687,32,18,6,8,0
"554",2017,5,19,"Mid",2993,28,7,16,5,0
"555",2017,5,19,"South",5350,31,14,16,1,0
"556",2017,5,19,"West",5367,22,2,15,5,0
"557",2017,5,20,"East",2047,20,7,13,0,0
"558",2017,5,20,"Mid",2163,12,0,9,3,0
"559",2017,5,20,"South",4410,23,6,17,0,0
"560",2017,5,20,"West",4456,81,36,10,35,0
"561",2017,5,21,"East",2483,16,0,11,5,0
"562",2017,5,21,"Mid",2812,13,8,3,2,0
"563",2017,5,21,"South",5156,54,21,28,5,0
"564",2017,5,21,"West",5217,122,46,10,66,0
"565",2017,5,22,"East",2678,104,13,8,83,0
"566",2017,5,22,"Mid",2981,20,7,1,12,0
"567",2017,5,22,"South",5350,107,27,14,66,0
"568",2017,5,22,"West",5334,22,2,11,9,0
"569",2017,5,23,"East",2626,8,0,6,2,0
"570",2017,5,23,"Mid",2957,8,2,6,0,0
"571",2017,5,23,"South",5258,19,0,19,0,0
"572",2017,5,23,"West",5252,33,0,16,17,0
"573",2017,5,24,"East",2636,7,1,6,0,0
"574",2017,5,24,"Mid",2959,2,0,2,0,0
"575",2017,5,24,"South",5282,33,15,18,0,0
"576",2017,5,24,"West",5302,28,4,11,13,0
"577",2017,5,25,"East",2713,258,49,36,173,0
"578",2017,5,25,"Mid",3002,39,9,8,22,0
"579",2017,5,25,"South",5412,96,26,25,45,0
"580",2017,5,25,"West",5404,52,8,17,27,0
"581",2017,5,26,"East",2698,79,27,28,24,0
"582",2017,5,26,"Mid",2990,13,5,5,3,0
"583",2017,5,26,"South",5406,51,10,26,15,0
"584",2017,5,26,"West",5429,45,7,17,21,0
"585",2017,5,27,"East",2001,7,0,7,0,0
"586",2017,5,27,"Mid",2076,7,0,7,0,0
"587",2017,5,27,"South",4303,10,0,10,0,0
"588",2017,5,27,"West",4347,26,0,11,15,0
"589",2017,5,28,"East",2052,7,0,7,0,0
"590",2017,5,28,"Mid",2217,5,0,5,0,0
"591",2017,5,28,"South",4376,19,5,14,0,0
"592",2017,5,28,"West",4490,26,2,9,15,0
"593",2017,5,29,"East",2514,17,0,17,0,0
"594",2017,5,29,"Mid",2768,3,0,3,0,0
"595",2017,5,29,"South",5012,13,0,13,0,0
"596",2017,5,29,"West",5177,8,1,5,2,0
"597",2017,5,30,"East",2648,89,2,15,72,0
"598",2017,5,30,"Mid",2948,12,1,4,7,0
"599",2017,5,30,"South",5277,42,1,21,20,0
"600",2017,5,30,"West",5291,20,0,11,9,0
"601",2017,5,31,"East",2642,36,3,19,14,0
"602",2017,5,31,"Mid",2950,3,0,2,1,0
"603",2017,5,31,"South",5285,13,3,9,1,0
"604",2017,5,31,"West",5329,22,1,19,2,0
"605",2017,6,1,"East",2681,22,4,18,0,0
"606",2017,6,1,"Mid",2986,6,1,4,1,0
"607",2017,6,1,"South",5333,28,0,28,0,0
"608",2017,6,1,"West",5390,20,3,13,4,0
"609",2017,6,2,"East",2694,20,8,11,1,0
"610",2017,6,2,"Mid",2999,20,14,5,1,0
"611",2017,6,2,"South",5346,186,143,41,2,0
"612",2017,6,2,"West",5452,39,30,9,0,0
"613",2017,6,3,"East",2066,17,6,10,1,0
"614",2017,6,3,"Mid",2193,15,7,6,2,0
"615",2017,6,3,"South",4438,75,33,40,2,0
"616",2017,6,3,"West",4556,85,48,20,17,0
"617",2017,6,4,"East",2501,17,1,15,1,0
"618",2017,6,4,"Mid",2879,19,5,11,3,0
"619",2017,6,4,"South",5203,98,46,27,25,0
"620",2017,6,4,"West",5371,87,44,21,22,0
"621",2017,6,5,"East",2699,26,5,16,5,0
"622",2017,6,5,"Mid",3041,8,2,5,1,0
"623",2017,6,5,"South",5364,51,17,28,6,0
"624",2017,6,5,"West",5477,19,6,12,1,0
"625",2017,6,6,"East",2647,84,21,11,52,0
"626",2017,6,6,"Mid",3018,14,5,4,5,0
"627",2017,6,6,"South",5273,104,64,23,17,0
"628",2017,6,6,"West",5401,26,4,19,3,0
"629",2017,6,7,"East",2650,36,23,11,2,0
"630",2017,6,7,"Mid",3016,18,8,10,0,0
"631",2017,6,7,"South",5295,110,78,29,3,0
"632",2017,6,7,"West",5442,28,8,16,4,0
"633",2017,6,8,"East",2731,16,8,8,0,0
"634",2017,6,8,"Mid",3093,7,2,4,1,0
"635",2017,6,8,"South",5310,24,14,10,0,0
"636",2017,6,8,"West",5604,49,28,9,12,0
"637",2017,6,9,"East",2741,16,0,7,9,0
"638",2017,6,9,"Mid",3099,4,0,2,2,0
"639",2017,6,9,"South",5346,32,21,10,1,0
"640",2017,6,9,"West",5629,23,5,14,4,0
"641",2017,6,10,"East",2179,12,0,11,1,0
"642",2017,6,10,"Mid",2386,6,0,5,1,0
"643",2017,6,10,"South",4597,15,0,15,0,0
"644",2017,6,10,"West",4900,15,2,13,0,0
"645",2017,6,11,"East",2551,14,0,6,8,0
"646",2017,6,11,"Mid",2963,8,2,5,1,0
"647",2017,6,11,"South",5185,10,0,7,3,0
"648",2017,6,11,"West",5481,13,2,11,0,0
"649",2017,6,12,"East",2741,10,0,9,1,0
"650",2017,6,12,"Mid",3110,1,0,1,0,0
"651",2017,6,12,"South",5416,7,2,4,1,0
"652",2017,6,12,"West",5669,7,0,5,2,0
"653",2017,6,13,"East",2701,35,2,7,26,0
"654",2017,6,13,"Mid",3104,34,18,3,13,0
"655",2017,6,13,"South",5344,31,1,25,5,0
"656",2017,6,13,"West",5625,14,0,14,0,0
"657",2017,6,14,"East",2705,107,49,24,34,0
"658",2017,6,14,"Mid",3103,329,242,32,55,0
"659",2017,6,14,"South",5374,93,41,27,25,0
"660",2017,6,14,"West",5639,48,23,21,4,0
"661",2017,6,15,"East",2732,107,55,26,26,0
"662",2017,6,15,"Mid",3126,81,49,19,13,0
"663",2017,6,15,"South",5406,123,61,41,21,0
"664",2017,6,15,"West",5692,51,27,23,1,0
"665",2017,6,16,"East",2742,92,34,15,43,0
"666",2017,6,16,"Mid",3131,24,6,12,6,0
"667",2017,6,16,"South",5426,44,7,20,17,0
"668",2017,6,16,"West",5710,23,5,15,3,0
"669",2017,6,17,"East",2210,29,7,19,3,0
"670",2017,6,17,"Mid",2467,13,5,8,0,0
"671",2017,6,17,"South",4703,36,3,32,1,0
"672",2017,6,17,"West",5006,16,5,11,0,0
"673",2017,6,18,"East",2563,30,4,15,11,0
"674",2017,6,18,"Mid",3005,17,1,15,1,0
"675",2017,6,18,"South",5222,52,4,45,3,0
"676",2017,6,18,"West",5576,21,1,19,1,0
"677",2017,6,19,"East",2742,528,180,80,268,0
"678",2017,6,19,"Mid",3125,186,85,22,79,0
"679",2017,6,19,"South",5420,269,92,66,110,1
"680",2017,6,19,"West",5698,94,37,44,13,0
"681",2017,6,20,"East",2722,123,40,49,34,0
"682",2017,6,20,"Mid",3112,27,4,13,10,0
"683",2017,6,20,"South",5354,83,18,53,12,0
"684",2017,6,20,"West",5645,95,27,45,23,0
"685",2017,6,21,"East",2723,39,10,18,11,0
"686",2017,6,21,"Mid",3112,16,2,10,2,2
"687",2017,6,21,"South",5380,22,8,14,0,0
"688",2017,6,21,"West",5666,36,2,32,2,0
"689",2017,6,22,"East",2743,7,0,7,0,0
"690",2017,6,22,"Mid",3134,12,1,9,2,0
"691",2017,6,22,"South",5419,21,0,20,1,0
"692",2017,6,22,"West",5707,31,2,29,0,0
"693",2017,6,23,"East",2748,95,8,24,63,0
"694",2017,6,23,"Mid",3134,43,20,4,19,0
"695",2017,6,23,"South",5430,34,5,17,12,0
"696",2017,6,23,"West",5728,13,3,8,2,0
"697",2017,6,24,"East",2223,10,2,6,2,0
"698",2017,6,24,"Mid",2464,4,1,3,0,0
"699",2017,6,24,"South",4715,30,11,17,2,0
"700",2017,6,24,"West",5023,22,10,12,0,0
"701",2017,6,25,"East",2565,12,0,11,1,0
"702",2017,6,25,"Mid",3017,3,0,2,1,0
"703",2017,6,25,"South",5255,17,1,16,0,0
"704",2017,6,25,"West",5601,22,6,16,0,0
"705",2017,6,26,"East",2738,16,1,15,0,0
"706",2017,6,26,"Mid",3126,0,0,0,0,0
"707",2017,6,26,"South",5442,14,0,14,0,0
"708",2017,6,26,"West",5701,30,2,26,2,0
"709",2017,6,27,"East",2714,10,1,8,1,0
"710",2017,6,27,"Mid",3120,1,0,1,0,0
"711",2017,6,27,"South",5356,16,4,12,0,0
"712",2017,6,27,"West",5650,25,1,15,9,0
"713",2017,6,28,"East",2715,14,2,9,3,0
"714",2017,6,28,"Mid",3116,64,51,3,10,0
"715",2017,6,28,"South",5383,15,3,11,1,0
"716",2017,6,28,"West",5667,35,0,26,9,0
"717",2017,6,29,"East",2747,7,0,7,0,0
"718",2017,6,29,"Mid",3144,9,6,2,1,0
"719",2017,6,29,"South",5435,12,6,5,1,0
"720",2017,6,29,"West",5744,28,0,23,5,0
"721",2017,6,30,"East",2749,59,10,16,33,0
"722",2017,6,30,"Mid",3149,25,1,15,9,0
"723",2017,6,30,"South",5497,29,6,20,3,0
"724",2017,6,30,"West",5773,28,4,19,5,0
"725",2017,7,1,"East",2217,85,13,13,59,0
"726",2017,7,1,"Mid",2501,27,4,16,7,0
"727",2017,7,1,"South",4727,53,14,26,13,0
"728",2017,7,1,"West",5035,19,2,9,8,0
"729",2017,7,2,"East",2245,13,1,7,5,0
"730",2017,7,2,"Mid",2578,11,2,7,2,0
"731",2017,7,2,"South",4762,20,4,15,1,0
"732",2017,7,2,"West",5232,31,7,23,1,0
"733",2017,7,3,"East",2228,7,0,7,0,0
"734",2017,7,3,"Mid",2524,7,0,7,0,0
"735",2017,7,3,"South",4632,10,0,10,0,0
"736",2017,7,3,"West",4920,18,1,17,0,0
"737",2017,7,4,"East",2273,5,2,3,0,0
"738",2017,7,4,"Mid",2482,5,0,5,0,0
"739",2017,7,4,"South",4518,16,0,16,0,0
"740",2017,7,4,"West",4737,9,0,9,0,0
"741",2017,7,5,"East",2667,6,2,3,1,0
"742",2017,7,5,"Mid",3035,3,1,1,1,0
"743",2017,7,5,"South",5216,61,39,20,2,0
"744",2017,7,5,"West",5656,36,5,23,8,0
"745",2017,7,6,"East",2691,13,3,9,1,0
"746",2017,7,6,"Mid",3045,16,7,7,2,0
"747",2017,7,6,"South",5225,36,18,18,0,0
"748",2017,7,6,"West",5707,32,7,25,0,0
"749",2017,7,7,"East",2688,75,27,16,32,0
"750",2017,7,7,"Mid",3057,11,3,4,4,0
"751",2017,7,7,"South",5243,19,4,8,7,0
"752",2017,7,7,"West",5725,26,11,15,0,0
"753",2017,7,8,"East",2236,9,4,3,2,0
"754",2017,7,8,"Mid",2529,7,1,3,3,0
"755",2017,7,8,"South",4691,31,16,12,3,0
"756",2017,7,8,"West",5103,9,2,5,2,0
"757",2017,7,9,"East",2586,4,3,1,0,0
"758",2017,7,9,"Mid",3067,8,3,5,0,0
"759",2017,7,9,"South",5254,33,26,7,0,0
"760",2017,7,9,"West",5685,9,2,7,0,0
"761",2017,7,10,"East",2757,175,21,16,138,0
"762",2017,7,10,"Mid",3177,129,90,11,28,0
"763",2017,7,10,"South",5452,133,47,23,63,0
"764",2017,7,10,"West",5757,38,12,16,10,0
"765",2017,7,11,"East",2738,77,6,27,44,0
"766",2017,7,11,"Mid",3169,26,10,12,4,0
"767",2017,7,11,"South",5376,42,6,23,13,0
"768",2017,7,11,"West",5715,28,0,25,3,0
"769",2017,7,12,"East",2737,163,62,21,80,0
"770",2017,7,12,"Mid",3168,405,325,13,67,0
"771",2017,7,12,"South",5395,132,78,15,39,0
"772",2017,7,12,"West",5736,66,39,26,1,0
"773",2017,7,13,"East",2756,175,50,20,105,0
"774",2017,7,13,"Mid",3184,44,17,5,22,0
"775",2017,7,13,"South",5418,75,26,19,30,0
"776",2017,7,13,"West",5780,41,14,22,5,0
"777",2017,7,14,"East",2756,240,52,28,160,0
"778",2017,7,14,"Mid",3189,55,13,10,32,0
"779",2017,7,14,"South",5434,106,23,24,59,0
"780",2017,7,14,"West",5797,39,11,20,8,0
"781",2017,7,15,"East",2237,45,11,16,18,0
"782",2017,7,15,"Mid",2522,17,5,10,2,0
"783",2017,7,15,"South",4693,112,76,26,10,0
"784",2017,7,15,"West",5109,29,9,20,0,0
"785",2017,7,16,"East",2586,22,10,10,2,0
"786",2017,7,16,"Mid",3070,22,8,12,2,0
"787",2017,7,16,"South",5244,41,15,25,1,0
"788",2017,7,16,"West",5686,28,14,14,0,0
"789",2017,7,17,"East",2760,119,18,23,78,0
"790",2017,7,17,"Mid",3176,32,5,11,16,0
"791",2017,7,17,"South",5449,91,29,40,22,0
"792",2017,7,17,"West",5765,35,8,21,6,0
"793",2017,7,18,"East",2743,34,6,20,8,0
"794",2017,7,18,"Mid",3172,22,3,10,9,0
"795",2017,7,18,"South",5371,50,14,30,6,0
"796",2017,7,18,"West",5727,23,5,13,5,0
"797",2017,7,19,"East",2740,18,5,13,0,0
"798",2017,7,19,"Mid",3165,6,1,5,0,0
"799",2017,7,19,"South",5383,15,0,15,0,0
"800",2017,7,19,"West",5744,37,8,28,1,0
"801",2017,7,20,"East",2757,49,14,16,19,0
"802",2017,7,20,"Mid",3171,101,69,8,24,0
"803",2017,7,20,"South",5413,35,13,13,9,0
"804",2017,7,20,"West",5780,30,3,18,9,0
"805",2017,7,21,"East",2760,31,19,7,5,0
"806",2017,7,21,"Mid",3169,164,112,12,40,0
"807",2017,7,21,"South",5427,28,10,15,3,0
"808",2017,7,21,"West",5798,90,62,26,2,0
"809",2017,7,22,"East",2235,48,17,17,14,0
"810",2017,7,22,"Mid",2503,94,71,18,5,0
"811",2017,7,22,"South",4687,71,30,29,12,0
"812",2017,7,22,"West",5117,38,28,9,1,0
"813",2017,7,23,"East",2587,119,40,24,55,0
"814",2017,7,23,"Mid",3051,56,35,7,14,0
"815",2017,7,23,"South",5243,122,69,29,24,0
"816",2017,7,23,"West",5682,42,31,9,2,0
"817",2017,7,24,"East",2760,124,32,26,66,0
"818",2017,7,24,"Mid",3159,51,14,26,11,0
"819",2017,7,24,"South",5446,113,43,51,19,0
"820",2017,7,24,"West",5769,53,21,28,4,0
"821",2017,7,25,"East",2742,16,0,12,4,0
"822",2017,7,25,"Mid",3151,6,4,2,0,0
"823",2017,7,25,"South",5370,23,2,18,3,0
"824",2017,7,25,"West",5718,37,3,28,6,0
"825",2017,7,26,"East",2741,19,0,18,1,0
"826",2017,7,26,"Mid",3149,12,6,6,0,0
"827",2017,7,26,"South",5391,19,1,18,0,0
"828",2017,7,26,"West",5737,18,0,12,6,0
"829",2017,7,27,"East",2755,10,0,8,2,0
"830",2017,7,27,"Mid",3169,3,0,2,1,0
"831",2017,7,27,"South",5416,23,0,23,0,0
"832",2017,7,27,"West",5789,18,4,10,4,0
"833",2017,7,28,"East",2759,58,20,18,20,0
"834",2017,7,28,"Mid",3170,21,15,3,3,0
"835",2017,7,28,"South",5421,44,12,28,4,0
"836",2017,7,28,"West",5807,21,3,16,2,0
"837",2017,7,29,"East",2235,15,0,13,2,0
"838",2017,7,29,"Mid",2505,11,0,10,1,0
"839",2017,7,29,"South",4679,22,0,22,0,0
"840",2017,7,29,"West",5114,21,3,16,2,0
"841",2017,7,30,"East",2585,4,0,4,0,0
"842",2017,7,30,"Mid",3055,5,0,5,0,0
"843",2017,7,30,"South",5232,6,0,6,0,0
"844",2017,7,30,"West",5683,3,1,2,0,0
"845",2017,7,31,"East",2757,7,0,7,0,0
"846",2017,7,31,"Mid",3156,1,0,1,0,0
"847",2017,7,31,"South",5435,17,2,15,0,0
"848",2017,7,31,"West",5762,25,3,17,5,0
"849",2017,8,1,"East",2744,19,0,19,0,0
"850",2017,8,1,"Mid",3164,5,0,5,0,0
"851",2017,8,1,"South",5335,14,4,10,0,0
"852",2017,8,1,"West",5729,24,3,16,5,0
"853",2017,8,2,"East",2744,393,147,49,197,0
"854",2017,8,2,"Mid",3155,69,29,13,27,0
"855",2017,8,2,"South",5356,152,62,27,63,0
"856",2017,8,2,"West",5761,55,23,20,12,0
"857",2017,8,3,"East",2767,168,67,40,61,0
"858",2017,8,3,"Mid",3180,332,232,46,54,0
"859",2017,8,3,"South",5380,103,43,30,30,0
"860",2017,8,3,"West",5802,94,24,61,9,0
"861",2017,8,4,"East",2763,308,44,39,225,0
"862",2017,8,4,"Mid",3181,131,78,17,36,0
"863",2017,8,4,"South",5397,145,30,48,67,0
"864",2017,8,4,"West",5823,149,43,66,40,0
"865",2017,8,5,"East",2257,43,4,23,16,0
"866",2017,8,5,"Mid",2531,16,2,13,1,0
"867",2017,8,5,"South",4648,42,6,30,6,0
"868",2017,8,5,"West",5158,45,10,33,2,0
"869",2017,8,6,"East",2594,14,4,10,0,0
"870",2017,8,6,"Mid",3063,21,12,9,0,0
"871",2017,8,6,"South",5198,86,65,21,0,0
"872",2017,8,6,"West",5717,36,19,13,4,0
"873",2017,8,7,"East",2761,87,2,17,68,0
"874",2017,8,7,"Mid",3165,24,4,7,13,0
"875",2017,8,7,"South",5388,132,61,26,45,0
"876",2017,8,7,"West",5796,46,10,23,13,0
"877",2017,8,8,"East",2746,11,1,9,1,0
"878",2017,8,8,"Mid",3160,8,3,4,1,0
"879",2017,8,8,"South",5310,15,2,13,0,0
"880",2017,8,8,"West",5734,47,3,35,9,0
"881",2017,8,9,"East",2741,2,0,2,0,0
"882",2017,8,9,"Mid",3147,6,1,5,0,0
"883",2017,8,9,"South",5325,17,0,16,1,0
"884",2017,8,9,"West",5752,61,7,27,27,0
"885",2017,8,10,"East",2762,13,0,13,0,0
"886",2017,8,10,"Mid",3176,24,22,2,0,0
"887",2017,8,10,"South",5348,22,8,14,0,0
"888",2017,8,10,"West",5795,52,10,23,19,0
"889",2017,8,11,"East",2762,83,17,15,51,0
"890",2017,8,11,"Mid",3179,19,2,7,10,0
"891",2017,8,11,"South",5370,40,14,15,11,0
"892",2017,8,11,"West",5810,37,11,11,15,0
"893",2017,8,12,"East",2258,14,5,5,4,0
"894",2017,8,12,"Mid",2533,6,0,6,0,0
"895",2017,8,12,"South",4639,29,22,7,0,0
"896",2017,8,12,"West",5149,14,3,5,6,0
"897",2017,8,13,"East",2590,3,0,3,0,0
"898",2017,8,13,"Mid",3058,7,5,2,0,0
"899",2017,8,13,"South",5159,23,7,16,0,0
"900",2017,8,13,"West",5695,19,13,4,2,0
"901",2017,8,14,"East",2756,4,0,4,0,0
"902",2017,8,14,"Mid",3160,5,2,3,0,0
"903",2017,8,14,"South",5339,23,9,12,2,0
"904",2017,8,14,"West",5770,89,60,8,21,0
"905",2017,8,15,"East",2701,14,0,11,3,0
"906",2017,8,15,"Mid",3073,5,1,3,1,0
"907",2017,8,15,"South",5012,28,5,23,0,0
"908",2017,8,15,"West",5689,43,14,13,16,0
"909",2017,8,16,"East",2718,21,0,10,11,0
"910",2017,8,16,"Mid",3090,27,16,9,2,0
"911",2017,8,16,"South",5110,14,2,11,1,0
"912",2017,8,16,"West",5740,25,8,13,4,0
"913",2017,8,17,"East",2745,6,1,5,0,0
"914",2017,8,17,"Mid",3123,5,3,2,0,0
"915",2017,8,17,"South",5175,20,2,18,0,0
"916",2017,8,17,"West",5784,21,1,18,2,0
"917",2017,8,18,"East",2742,236,28,15,193,0
"918",2017,8,18,"Mid",3130,48,14,0,34,0
"919",2017,8,18,"South",5190,72,10,6,56,0
"920",2017,8,18,"West",5800,20,3,10,7,0
"921",2017,8,19,"East",2203,16,2,5,9,0
"922",2017,8,19,"Mid",2396,5,3,1,1,0
"923",2017,8,19,"South",4308,20,1,14,5,0
"924",2017,8,19,"West",5016,15,1,10,4,0
"925",2017,8,20,"East",2558,2,0,2,0,0
"926",2017,8,20,"Mid",2972,2,0,2,0,0
"927",2017,8,20,"South",4944,7,0,7,0,0
"928",2017,8,20,"West",5652,50,29,9,12,0
"929",2017,8,21,"East",2738,21,3,5,13,0
"930",2017,8,21,"Mid",3130,32,1,17,14,0
"931",2017,8,21,"South",5172,15,1,10,4,0
"932",2017,8,21,"West",5777,106,6,56,44,0
"933",2017,8,22,"East",2686,123,40,42,41,0
"934",2017,8,22,"Mid",3033,50,12,20,18,0
"935",2017,8,22,"South",5007,40,13,13,14,0
"936",2017,8,22,"West",5597,65,13,27,25,0
"937",2017,8,23,"East",2700,16,5,7,4,0
"938",2017,8,23,"Mid",3040,11,2,3,6,0
"939",2017,8,23,"South",5133,12,1,10,1,0
"940",2017,8,23,"West",5686,46,9,20,17,0
"941",2017,8,24,"East",2734,8,1,7,0,0
"942",2017,8,24,"Mid",3076,4,1,3,0,0
"943",2017,8,24,"South",5215,10,0,10,0,0
"944",2017,8,24,"West",5742,31,0,24,7,0
"945",2017,8,25,"East",2733,5,2,3,0,0
"946",2017,8,25,"Mid",3063,6,5,1,0,0
"947",2017,8,25,"South",5231,63,53,10,0,0
"948",2017,8,25,"West",5759,25,14,7,4,0
"949",2017,8,26,"East",2151,23,19,4,0,0
"950",2017,8,26,"Mid",2286,45,38,2,5,0
"951",2017,8,26,"South",4171,475,409,11,55,0
"952",2017,8,26,"West",4799,104,86,16,2,0
"953",2017,8,27,"East",2549,68,56,12,0,0
"954",2017,8,27,"Mid",2851,86,71,14,1,0
"955",2017,8,27,"South",4843,852,712,139,1,0
"956",2017,8,27,"West",5471,154,123,31,0,0
"957",2017,8,28,"East",2722,67,62,5,0,0
"958",2017,8,28,"Mid",3029,104,94,4,6,0
"959",2017,8,28,"South",5113,815,806,6,3,0
"960",2017,8,28,"West",5635,147,135,8,4,0
"961",2017,8,29,"East",2664,85,67,5,13,0
"962",2017,8,29,"Mid",2998,77,73,3,1,0
"963",2017,8,29,"South",4932,751,731,17,3,0
"964",2017,8,29,"West",5475,171,135,28,8,0
"965",2017,8,30,"East",2683,80,74,5,1,0
"966",2017,8,30,"Mid",3003,80,79,1,0,0
"967",2017,8,30,"South",5051,796,787,9,0,0
"968",2017,8,30,"West",5587,157,131,16,10,0
"969",2017,8,31,"East",2727,60,53,6,1,0
"970",2017,8,31,"Mid",3034,58,56,2,0,0
"971",2017,8,31,"South",5126,734,730,4,0,0
"972",2017,8,31,"West",5647,123,106,17,0,0
"973",2017,9,1,"East",2717,45,33,3,9,0
"974",2017,9,1,"Mid",3038,52,42,1,9,0
"975",2017,9,1,"South",5150,640,538,5,97,0
"976",2017,9,1,"West",5636,102,60,11,31,0
"977",2017,9,2,"East",2034,26,10,6,10,0
"978",2017,9,2,"Mid",2091,20,9,2,9,0
"979",2017,9,2,"South",3854,318,145,8,165,0
"980",2017,9,2,"West",4274,63,20,12,31,0
"981",2017,9,3,"East",2049,15,4,4,7,0
"982",2017,9,3,"Mid",2124,22,3,2,17,0
"983",2017,9,3,"South",3917,201,57,7,137,0
"984",2017,9,3,"West",4379,42,8,5,29,0
"985",2017,9,4,"East",2573,19,2,5,12,0
"986",2017,9,4,"Mid",2825,31,9,2,20,0
"987",2017,9,4,"South",4901,283,94,11,178,0
"988",2017,9,4,"West",5456,71,18,10,43,0
"989",2017,9,5,"East",2627,96,17,12,67,0
"990",2017,9,5,"Mid",2929,43,9,3,31,0
"991",2017,9,5,"South",4849,292,108,8,176,0
"992",2017,9,5,"West",5348,53,18,9,26,0
"993",2017,9,6,"East",2428,50,25,9,16,0
"994",2017,9,6,"Mid",2746,15,5,5,5,0
"995",2017,9,6,"South",4578,98,87,7,4,0
"996",2017,9,6,"West",5208,18,8,4,6,0
"997",2017,9,7,"East",2513,43,23,18,2,0
"998",2017,9,7,"Mid",2825,8,6,2,0,0
"999",2017,9,7,"South",4797,92,44,46,2,0
"1000",2017,9,7,"West",5357,49,16,23,10,0
"1001",2017,9,8,"East",2533,120,116,3,1,0
"1002",2017,9,8,"Mid",2831,37,36,1,0,0
"1003",2017,9,8,"South",4818,303,294,4,5,0
"1004",2017,9,8,"West",5352,104,42,17,45,0
"1005",2017,9,9,"East",1959,324,323,1,0,0
"1006",2017,9,9,"Mid",2065,107,105,2,0,0
"1007",2017,9,9,"South",3961,889,876,5,8,0
"1008",2017,9,9,"West",4408,106,95,4,7,0
"1009",2017,9,10,"East",2477,421,421,0,0,0
"1010",2017,9,10,"Mid",2834,163,160,3,0,0
"1011",2017,9,10,"South",4834,1433,1422,1,10,0
"1012",2017,9,10,"West",5391,111,103,3,5,0
"1013",2017,9,11,"East",2658,549,546,2,1,0
"1014",2017,9,11,"Mid",3035,281,275,6,0,0
"1015",2017,9,11,"South",5126,2140,2103,15,22,0
"1016",2017,9,11,"West",5553,175,152,19,4,0
"1017",2017,9,12,"East",2528,285,279,5,1,0
"1018",2017,9,12,"Mid",2937,102,98,3,1,0
"1019",2017,9,12,"South",4838,978,965,10,3,0
"1020",2017,9,12,"West",5304,79,66,12,1,0
"1021",2017,9,13,"East",2558,133,107,23,3,0
"1022",2017,9,13,"Mid",2952,41,34,6,1,0
"1023",2017,9,13,"South",4921,409,369,37,3,0
"1024",2017,9,13,"West",5413,63,31,18,14,0
"1025",2017,9,14,"East",2655,60,30,29,1,0
"1026",2017,9,14,"Mid",3034,87,67,19,1,0
"1027",2017,9,14,"South",5122,214,165,48,1,0
"1028",2017,9,14,"West",5565,40,10,20,10,0
"1029",2017,9,15,"East",2656,28,24,2,2,0
"1030",2017,9,15,"Mid",3015,28,21,7,0,0
"1031",2017,9,15,"South",5125,131,124,6,1,0
"1032",2017,9,15,"West",5566,21,10,11,0,0
"1033",2017,9,16,"East",1971,20,17,1,2,0
"1034",2017,9,16,"Mid",2126,14,12,1,1,0
"1035",2017,9,16,"South",4039,111,105,5,1,0
"1036",2017,9,16,"West",4454,8,5,3,0,0
"1037",2017,9,17,"East",2472,18,5,8,5,0
"1038",2017,9,17,"Mid",2814,18,15,2,1,0
"1039",2017,9,17,"South",4831,31,25,4,2,0
"1040",2017,9,17,"West",5389,3,0,3,0,0
"1041",2017,9,18,"East",2652,16,4,7,5,0
"1042",2017,9,18,"Mid",3020,7,3,1,3,0
"1043",2017,9,18,"South",5129,38,22,15,1,0
"1044",2017,9,18,"West",5540,46,16,11,19,0
"1045",2017,9,19,"East",2522,45,10,3,32,0
"1046",2017,9,19,"Mid",2924,4,1,3,0,0
"1047",2017,9,19,"South",4842,54,25,21,8,0
"1048",2017,9,19,"West",5301,41,1,34,6,0
"1049",2017,9,20,"East",2554,35,25,7,3,0
"1050",2017,9,20,"Mid",2943,30,23,4,3,0
"1051",2017,9,20,"South",4922,58,41,17,0,0
"1052",2017,9,20,"West",5414,65,32,15,18,0
"1053",2017,9,21,"East",2635,31,26,2,3,0
"1054",2017,9,21,"Mid",3020,6,3,3,0,0
"1055",2017,9,21,"South",5114,52,38,13,1,0
"1056",2017,9,21,"West",5548,17,2,15,0,0
"1057",2017,9,22,"East",2632,30,7,6,17,0
"1058",2017,9,22,"Mid",3007,8,4,3,1,0
"1059",2017,9,22,"South",5120,52,25,13,14,0
"1060",2017,9,22,"West",5557,13,3,10,0,0
"1061",2017,9,23,"East",1966,31,22,4,5,0
"1062",2017,9,23,"Mid",2124,7,1,4,2,0
"1063",2017,9,23,"South",4041,59,42,14,3,0
"1064",2017,9,23,"West",4450,11,4,7,0,0
"1065",2017,9,24,"East",2467,22,6,3,13,0
"1066",2017,9,24,"Mid",2820,3,2,0,1,0
"1067",2017,9,24,"South",4824,48,27,7,14,0
"1068",2017,9,24,"West",5385,18,2,11,5,0
"1069",2017,9,25,"East",2650,28,5,10,13,0
"1070",2017,9,25,"Mid",3022,7,4,2,1,0
"1071",2017,9,25,"South",5120,45,23,6,16,0
"1072",2017,9,25,"West",5555,1,0,0,1,0
"1073",2017,9,26,"East",2519,22,5,5,12,0
"1074",2017,9,26,"Mid",2925,3,0,2,1,0
"1075",2017,9,26,"South",4834,37,19,7,11,0
"1076",2017,9,26,"West",5304,22,0,22,0,0
"1077",2017,9,27,"East",2550,22,5,7,10,0
"1078",2017,9,27,"Mid",2941,2,2,0,0,0
"1079",2017,9,27,"South",4915,42,20,8,14,0
"1080",2017,9,27,"West",5408,25,4,19,2,0
"1081",2017,9,28,"East",2650,31,7,7,17,0
"1082",2017,9,28,"Mid",3028,5,1,2,2,0
"1083",2017,9,28,"South",5120,33,15,5,13,0
"1084",2017,9,28,"West",5553,15,0,15,0,0
"1085",2017,9,29,"East",2634,17,1,4,12,0
"1086",2017,9,29,"Mid",3011,0,0,0,0,0
"1087",2017,9,29,"South",5114,38,11,12,15,0
"1088",2017,9,29,"West",5558,14,8,4,2,0
"1089",2017,9,30,"East",1954,21,3,4,14,0
"1090",2017,9,30,"Mid",2108,1,0,1,0,0
"1091",2017,9,30,"South",3976,34,14,3,17,0
"1092",2017,9,30,"West",4402,4,0,4,0,0
"1093",2017,10,1,"East",2459,19,1,7,11,0
"1094",2017,10,1,"Mid",2798,6,1,5,0,0
"1095",2017,10,1,"South",4809,36,12,9,15,0
"1096",2017,10,1,"West",5309,12,4,8,0,0
"1097",2017,10,2,"East",2662,15,1,2,12,0
"1098",2017,10,2,"Mid",3023,8,8,0,0,0
"1099",2017,10,2,"South",5140,33,11,7,15,0
"1100",2017,10,2,"West",5505,37,13,24,0,0
"1101",2017,10,3,"East",2529,13,0,3,10,0
"1102",2017,10,3,"Mid",2927,11,3,8,0,0
"1103",2017,10,3,"South",4848,40,8,15,17,0
"1104",2017,10,3,"West",5267,49,5,44,0,0
"1105",2017,10,4,"East",2569,13,1,3,9,0
"1106",2017,10,4,"Mid",2951,1,0,1,0,0
"1107",2017,10,4,"South",4928,24,8,4,12,0
"1108",2017,10,4,"West",5411,28,7,20,1,0
"1109",2017,10,5,"East",2659,3,0,2,1,0
"1110",2017,10,5,"Mid",2995,0,0,0,0,0
"1111",2017,10,5,"South",5187,8,1,7,0,0
"1112",2017,10,5,"West",5532,12,0,12,0,0
"1113",2017,10,6,"East",2655,1,0,0,1,0
"1114",2017,10,6,"Mid",2963,11,8,1,2,0
"1115",2017,10,6,"South",5180,9,1,6,2,0
"1116",2017,10,6,"West",5492,6,1,5,0,0
"1117",2017,10,7,"East",1980,8,6,0,2,0
"1118",2017,10,7,"Mid",2071,9,8,1,0,0
"1119",2017,10,7,"South",4023,22,21,1,0,0
"1120",2017,10,7,"West",4460,15,4,11,0,0
"1121",2017,10,8,"East",2445,24,1,2,21,0
"1122",2017,10,8,"Mid",2732,10,2,7,1,0
"1123",2017,10,8,"South",4859,47,40,3,4,0
"1124",2017,10,8,"West",5277,22,8,12,2,0
"1125",2017,10,9,"East",2667,63,7,4,52,0
"1126",2017,10,9,"Mid",2965,30,12,7,11,0
"1127",2017,10,9,"South",5194,31,6,7,18,0
"1128",2017,10,9,"West",5464,62,48,6,8,0
"1129",2017,10,10,"East",2559,13,1,6,6,0
"1130",2017,10,10,"Mid",2888,5,1,3,1,0
"1131",2017,10,10,"South",4950,10,1,9,0,0
"1132",2017,10,10,"West",5304,28,9,14,5,0
"1133",2017,10,11,"East",2582,5,0,5,0,0
"1134",2017,10,11,"Mid",2901,10,2,3,5,0
"1135",2017,10,11,"South",5037,8,2,5,1,0
"1136",2017,10,11,"West",5399,140,73,12,55,0
"1137",2017,10,12,"East",2667,9,1,8,0,0
"1138",2017,10,12,"Mid",2972,9,2,2,5,0
"1139",2017,10,12,"South",5208,16,3,13,0,0
"1140",2017,10,12,"West",5477,121,71,12,38,0
"1141",2017,10,13,"East",2667,4,0,3,1,0
"1142",2017,10,13,"Mid",2962,5,2,2,1,0
"1143",2017,10,13,"South",5194,8,2,5,1,0
"1144",2017,10,13,"West",5474,124,69,7,48,0
"1145",2017,10,14,"East",1973,18,12,5,1,0
"1146",2017,10,14,"Mid",2084,116,95,2,19,0
"1147",2017,10,14,"South",4043,21,12,6,3,0
"1148",2017,10,14,"West",4460,35,14,10,11,0
"1149",2017,10,15,"East",2478,9,3,5,1,0
"1150",2017,10,15,"Mid",2769,26,14,7,5,0
"1151",2017,10,15,"South",4910,12,3,9,0,0
"1152",2017,10,15,"West",5331,22,5,17,0,0
"1153",2017,10,16,"East",2672,9,0,9,0,0
"1154",2017,10,16,"Mid",2970,6,0,6,0,0
"1155",2017,10,16,"South",5211,7,1,6,0,0
"1156",2017,10,16,"West",5469,34,15,18,1,0
"1157",2017,10,17,"East",2562,10,0,9,1,0
"1158",2017,10,17,"Mid",2895,1,0,1,0,0
"1159",2017,10,17,"South",4967,8,2,5,1,0
"1160",2017,10,17,"West",5309,72,25,31,16,0
"1161",2017,10,18,"East",2582,2,0,2,0,0
"1162",2017,10,18,"Mid",2903,0,0,0,0,0
"1163",2017,10,18,"South",5045,5,1,4,0,0
"1164",2017,10,18,"West",5402,53,0,31,22,0
"1165",2017,10,19,"East",2665,3,0,3,0,0
"1166",2017,10,19,"Mid",2976,3,2,1,0,0
"1167",2017,10,19,"South",5215,7,2,4,1,0
"1168",2017,10,19,"West",5487,134,72,12,50,0
"1169",2017,10,20,"East",2663,3,0,3,0,0
"1170",2017,10,20,"Mid",2968,15,0,15,0,0
"1171",2017,10,20,"South",5193,11,1,10,0,0
"1172",2017,10,20,"West",5501,49,26,10,13,0
"1173",2017,10,21,"East",1972,0,0,0,0,0
"1174",2017,10,21,"Mid",2082,2,0,2,0,0
"1175",2017,10,21,"South",4035,2,1,1,0,0
"1176",2017,10,21,"West",4481,27,5,22,0,0
"1177",2017,10,22,"East",2470,3,1,2,0,0
"1178",2017,10,22,"Mid",2765,8,6,1,1,0
"1179",2017,10,22,"South",4903,9,3,2,4,0
"1180",2017,10,22,"West",5308,9,0,9,0,0
"1181",2017,10,23,"East",2665,16,1,12,3,0
"1182",2017,10,23,"Mid",2964,8,2,6,0,0
"1183",2017,10,23,"South",5196,19,2,17,0,0
"1184",2017,10,23,"West",5454,17,3,14,0,0
"1185",2017,10,24,"East",2516,191,35,2,154,0
"1186",2017,10,24,"Mid",2804,42,16,0,26,0
"1187",2017,10,24,"South",4861,81,22,7,52,0
"1188",2017,10,24,"West",5262,35,3,23,9,0
"1189",2017,10,25,"East",2530,14,3,6,5,0
"1190",2017,10,25,"Mid",2812,5,1,4,0,0
"1191",2017,10,25,"South",4938,6,1,4,1,0
"1192",2017,10,25,"West",5347,34,1,32,1,0
"1193",2017,10,26,"East",2658,2,0,1,1,0
"1194",2017,10,26,"Mid",2974,2,2,0,0,0
"1195",2017,10,26,"South",5199,8,1,6,1,0
"1196",2017,10,26,"West",5490,38,3,26,9,0
"1197",2017,10,27,"East",2651,9,0,8,1,0
"1198",2017,10,27,"Mid",2966,8,6,2,0,0
"1199",2017,10,27,"South",5187,7,3,3,1,0
"1200",2017,10,27,"West",5486,35,23,12,0,0
"1201",2017,10,28,"East",1968,1,0,1,0,0
"1202",2017,10,28,"Mid",2075,1,0,1,0,0
"1203",2017,10,28,"South",4024,3,2,1,0,0
"1204",2017,10,28,"West",4453,24,17,5,2,0
"1205",2017,10,29,"East",2376,165,24,21,120,0
"1206",2017,10,29,"Mid",2665,31,14,4,13,0
"1207",2017,10,29,"South",4759,69,20,9,40,0
"1208",2017,10,29,"West",5178,39,24,12,3,0
"1209",2017,10,30,"East",2537,83,38,7,38,0
"1210",2017,10,30,"Mid",2766,11,1,4,6,0
"1211",2017,10,30,"South",4959,9,2,1,6,0
"1212",2017,10,30,"West",5249,22,2,10,10,0
"1213",2017,10,31,"East",2356,3,0,2,1,0
"1214",2017,10,31,"Mid",2587,2,2,0,0,0
"1215",2017,10,31,"South",4584,8,1,7,0,0
"1216",2017,10,31,"West",4756,16,2,14,0,0
"1217",2017,11,1,"East",2484,9,0,9,0,0
"1218",2017,11,1,"Mid",2735,14,9,5,0,0
"1219",2017,11,1,"South",4925,3,1,2,0,0
"1220",2017,11,1,"West",5221,38,6,32,0,0
"1221",2017,11,2,"East",2561,7,0,7,0,0
"1222",2017,11,2,"Mid",2834,12,5,7,0,0
"1223",2017,11,2,"South",5075,4,0,4,0,0
"1224",2017,11,2,"West",5349,20,5,15,0,0
"1225",2017,11,3,"East",2559,7,0,6,1,0
"1226",2017,11,3,"Mid",2829,9,4,5,0,0
"1227",2017,11,3,"South",5059,14,7,7,0,0
"1228",2017,11,3,"West",5360,114,58,26,30,0
"1229",2017,11,4,"East",1938,8,6,2,0,0
"1230",2017,11,4,"Mid",2085,24,19,5,0,0
"1231",2017,11,4,"South",4105,5,3,2,0,0
"1232",2017,11,4,"West",4411,23,6,16,1,0
"1233",2017,11,5,"East",2413,25,9,5,11,0
"1234",2017,11,5,"Mid",2631,72,55,15,2,0
"1235",2017,11,5,"South",4896,20,10,8,2,0
"1236",2017,11,5,"West",5123,56,33,20,3,0
"1237",2017,11,6,"East",2574,8,2,6,0,0
"1238",2017,11,6,"Mid",2783,2,0,2,0,0
"1239",2017,11,6,"South",5036,9,5,4,0,0
"1240",2017,11,6,"West",5290,26,5,20,1,0
"1241",2017,11,7,"East",2479,9,0,9,0,0
"1242",2017,11,7,"Mid",2702,1,0,1,0,0
"1243",2017,11,7,"South",4849,6,0,6,0,0
"1244",2017,11,7,"West",5062,29,5,24,0,0
"1245",2017,11,8,"East",2561,1,0,1,0,0
"1246",2017,11,8,"Mid",2796,3,1,2,0,0
"1247",2017,11,8,"South",5039,5,0,5,0,0
"1248",2017,11,8,"West",5205,56,2,23,31,0
"1249",2017,11,9,"East",2642,9,1,8,0,0
"1250",2017,11,9,"Mid",2882,8,5,3,0,0
"1251",2017,11,9,"South",5250,6,0,6,0,0
"1252",2017,11,9,"West",5343,28,1,14,13,0
"1253",2017,11,10,"East",2650,25,1,11,9,4
"1254",2017,11,10,"Mid",2872,8,3,4,1,0
"1255",2017,11,10,"South",5259,42,0,27,2,13
"1256",2017,11,10,"West",5360,17,2,8,4,3
"1257",2017,11,11,"East",1927,3,0,1,0,2
"1258",2017,11,11,"Mid",2042,2,0,1,0,1
"1259",2017,11,11,"South",4191,10,2,3,0,5
"1260",2017,11,11,"West",4322,14,3,10,0,1
"1261",2017,11,12,"East",2471,1,0,1,0,0
"1262",2017,11,12,"Mid",2701,0,0,0,0,0
"1263",2017,11,12,"South",5012,4,0,4,0,0
"1264",2017,11,12,"West",5137,1,1,0,0,0
"1265",2017,11,13,"East",2629,0,0,0,0,0
"1266",2017,11,13,"Mid",2868,2,1,1,0,0
"1267",2017,11,13,"South",5182,0,0,0,0,0
"1268",2017,11,13,"West",5324,19,5,1,13,0
"1269",2017,11,14,"East",2533,7,0,7,0,0
"1270",2017,11,14,"Mid",2792,23,16,3,4,0
"1271",2017,11,14,"South",4992,4,0,4,0,0
"1272",2017,11,14,"West",5092,9,0,8,1,0
"1273",2017,11,15,"East",2583,3,0,3,0,0
"1274",2017,11,15,"Mid",2814,9,6,3,0,0
"1275",2017,11,15,"South",5090,4,0,4,0,0
"1276",2017,11,15,"West",5206,45,17,17,11,0
"1277",2017,11,16,"East",2650,8,0,8,0,0
"1278",2017,11,16,"Mid",2885,5,2,3,0,0
"1279",2017,11,16,"South",5266,5,0,5,0,0
"1280",2017,11,16,"West",5361,61,24,20,17,0
"1281",2017,11,17,"East",2689,5,0,4,1,0
"1282",2017,11,17,"Mid",2902,13,1,4,8,0
"1283",2017,11,17,"South",5359,3,0,3,0,0
"1284",2017,11,17,"West",5378,13,3,10,0,0
"1285",2017,11,18,"East",2070,7,4,2,1,0
"1286",2017,11,18,"Mid",2180,15,13,2,0,0
"1287",2017,11,18,"South",4486,8,6,1,1,0
"1288",2017,11,18,"West",4600,12,6,6,0,0
"1289",2017,11,19,"East",2426,19,1,6,12,0
"1290",2017,11,19,"Mid",2579,8,2,5,1,0
"1291",2017,11,19,"South",4867,9,0,8,1,0
"1292",2017,11,19,"West",5026,11,2,9,0,0
"1293",2017,11,20,"East",2473,1,0,1,0,0
"1294",2017,11,20,"Mid",2595,1,0,1,0,0
"1295",2017,11,20,"South",4911,3,0,3,0,0
"1296",2017,11,20,"West",5098,24,9,15,0,0
"1297",2017,11,21,"East",2611,1,0,1,0,0
"1298",2017,11,21,"Mid",2766,0,0,0,0,0
"1299",2017,11,21,"South",5147,1,0,1,0,0
"1300",2017,11,21,"West",5160,21,14,7,0,0
"1301",2017,11,22,"East",2661,2,0,2,0,0
"1302",2017,11,22,"Mid",2897,1,0,1,0,0
"1303",2017,11,22,"South",5330,1,0,1,0,0
"1304",2017,11,22,"West",5356,3,1,2,0,0
"1305",2017,11,23,"East",1601,1,0,1,0,0
"1306",2017,11,23,"Mid",1549,0,0,0,0,0
"1307",2017,11,23,"South",3223,0,0,0,0,0
"1308",2017,11,23,"West",3415,3,1,2,0,0
"1309",2017,11,24,"East",1906,2,0,2,0,0
"1310",2017,11,24,"Mid",1830,0,0,0,0,0
"1311",2017,11,24,"South",4173,2,0,2,0,0
"1312",2017,11,24,"West",4157,3,0,3,0,0
"1313",2017,11,25,"East",2448,1,0,1,0,0
"1314",2017,11,25,"Mid",2698,0,0,0,0,0
"1315",2017,11,25,"South",5202,3,0,3,0,0
"1316",2017,11,25,"West",5133,22,11,11,0,0
"1317",2017,11,26,"East",2728,2,0,2,0,0
"1318",2017,11,26,"Mid",3000,0,0,0,0,0
"1319",2017,11,26,"South",5624,1,1,0,0,0
"1320",2017,11,26,"West",5573,106,79,4,23,0
"1321",2017,11,27,"East",2720,1,0,1,0,0
"1322",2017,11,27,"Mid",2933,0,0,0,0,0
"1323",2017,11,27,"South",5426,0,0,0,0,0
"1324",2017,11,27,"West",5440,6,0,6,0,0
"1325",2017,11,28,"East",2509,2,0,2,0,0
"1326",2017,11,28,"Mid",2678,0,0,0,0,0
"1327",2017,11,28,"South",4911,4,0,4,0,0
"1328",2017,11,28,"West",4992,7,2,5,0,0
"1329",2017,11,29,"East",2479,2,0,2,0,0
"1330",2017,11,29,"Mid",2676,2,0,2,0,0
"1331",2017,11,29,"South",4948,0,0,0,0,0
"1332",2017,11,29,"West",5028,7,0,7,0,0
"1333",2017,11,30,"East",2549,2,0,2,0,0
"1334",2017,11,30,"Mid",2749,1,0,1,0,0
"1335",2017,11,30,"South",5146,7,0,7,0,0
"1336",2017,11,30,"West",5184,25,2,22,1,0
"1337",2017,12,1,"East",2562,5,0,5,0,0
"1338",2017,12,1,"Mid",2743,1,0,1,0,0
"1339",2017,12,1,"South",5175,2,0,2,0,0
"1340",2017,12,1,"West",5199,22,9,13,0,0
"1341",2017,12,2,"East",1883,2,0,2,0,0
"1342",2017,12,2,"Mid",1930,1,0,1,0,0
"1343",2017,12,2,"South",4056,6,3,3,0,0
"1344",2017,12,2,"West",4187,10,2,8,0,0
"1345",2017,12,3,"East",2383,3,1,2,0,0
"1346",2017,12,3,"Mid",2540,3,0,3,0,0
"1347",2017,12,3,"South",4866,0,0,0,0,0
"1348",2017,12,3,"West",4940,4,2,2,0,0
"1349",2017,12,4,"East",2552,13,6,5,2,0
"1350",2017,12,4,"Mid",2739,107,82,2,23,0
"1351",2017,12,4,"South",5084,16,9,5,2,0
"1352",2017,12,4,"West",5150,19,2,15,2,0
"1353",2017,12,5,"East",2437,12,0,1,11,0
"1354",2017,12,5,"Mid",2656,20,10,1,9,0
"1355",2017,12,5,"South",4850,4,0,2,2,0
"1356",2017,12,5,"West",4915,17,1,15,1,0
"1357",2017,12,6,"East",2481,2,0,1,1,0
"1358",2017,12,6,"Mid",2673,5,3,2,0,0
"1359",2017,12,6,"South",4975,1,0,1,0,0
"1360",2017,12,6,"West",5029,9,0,9,0,0
"1361",2017,12,7,"East",2552,3,0,3,0,0
"1362",2017,12,7,"Mid",2747,0,0,0,0,0
"1363",2017,12,7,"South",5161,29,23,6,0,0
"1364",2017,12,7,"West",5167,26,6,20,0,0
"1365",2017,12,8,"East",2565,140,119,18,3,0
"1366",2017,12,8,"Mid",2745,129,115,13,1,0
"1367",2017,12,8,"South",5174,948,870,58,20,0
"1368",2017,12,8,"West",5206,88,76,11,1,0
"1369",2017,12,9,"East",1881,180,124,16,40,0
"1370",2017,12,9,"Mid",1921,70,49,14,7,0
"1371",2017,12,9,"South",4064,376,326,27,23,0
"1372",2017,12,9,"West",4204,35,30,4,1,0
"1373",2017,12,10,"East",2381,38,29,6,3,0
"1374",2017,12,10,"Mid",2532,10,7,2,1,0
"1375",2017,12,10,"South",4865,19,9,10,0,0
"1376",2017,12,10,"West",4940,4,1,2,1,0
"1377",2017,12,11,"East",2542,8,0,8,0,0
"1378",2017,12,11,"Mid",2729,15,10,4,1,0
"1379",2017,12,11,"South",5091,5,2,3,0,0
"1380",2017,12,11,"West",5151,17,5,12,0,0
"1381",2017,12,12,"East",2433,4,1,3,0,0
"1382",2017,12,12,"Mid",2651,11,5,5,1,0
"1383",2017,12,12,"South",4858,8,1,7,0,0
"1384",2017,12,12,"West",4918,26,6,19,1,0
"1385",2017,12,13,"East",2486,21,10,5,6,0
"1386",2017,12,13,"Mid",2671,66,59,3,4,0
"1387",2017,12,13,"South",4984,16,12,3,1,0
"1388",2017,12,13,"West",5030,14,2,11,1,0
"1389",2017,12,14,"East",2554,23,8,1,14,0
"1390",2017,12,14,"Mid",2750,23,15,2,6,0
"1391",2017,12,14,"South",5174,10,4,1,5,0
"1392",2017,12,14,"West",5183,37,33,4,0,0
"1393",2017,12,15,"East",2611,39,9,10,20,0
"1394",2017,12,15,"Mid",2761,11,3,3,5,0
"1395",2017,12,15,"South",5194,13,3,5,5,0
"1396",2017,12,15,"West",5360,14,1,13,0,0
"1397",2017,12,16,"East",1942,6,2,4,0,0
"1398",2017,12,16,"Mid",1959,0,0,0,0,0
"1399",2017,12,16,"South",4132,6,1,4,1,0
"1400",2017,12,16,"West",4437,26,3,14,9,0
"1401",2017,12,17,"East",2398,105,19,17,69,0
"1402",2017,12,17,"Mid",2531,88,14,17,57,0
"1403",2017,12,17,"South",4878,858,142,110,606,0
"1404",2017,12,17,"West",5103,60,15,15,30,0
"1405",2017,12,18,"East",2615,81,5,12,64,0
"1406",2017,12,18,"Mid",2750,57,8,3,46,0
"1407",2017,12,18,"South",5189,267,63,30,174,0
"1408",2017,12,18,"West",5370,59,15,24,20,0
"1409",2017,12,19,"East",2555,4,1,1,2,0
"1410",2017,12,19,"Mid",2705,3,0,1,2,0
"1411",2017,12,19,"South",5059,36,17,2,17,0
"1412",2017,12,19,"West",5278,40,14,19,7,0
"1413",2017,12,20,"East",2558,0,0,0,0,0
"1414",2017,12,20,"Mid",2676,1,1,0,0,0
"1415",2017,12,20,"South",5210,13,8,4,1,0
"1416",2017,12,20,"West",5449,19,14,5,0,0
"1417",2017,12,21,"East",2556,1,0,1,0,0
"1418",2017,12,21,"Mid",2593,4,4,0,0,0
"1419",2017,12,21,"South",5268,6,2,4,0,0
"1420",2017,12,21,"West",5597,35,28,5,2,0
"1421",2017,12,22,"East",2565,11,0,11,0,0
"1422",2017,12,22,"Mid",2592,7,3,4,0,0
"1423",2017,12,22,"South",5303,12,3,9,0,0
"1424",2017,12,22,"West",5679,22,17,5,0,0
"1425",2017,12,23,"East",2256,14,13,1,0,0
"1426",2017,12,23,"Mid",2333,5,1,4,0,0
"1427",2017,12,23,"South",4989,6,1,5,0,0
"1428",2017,12,23,"West",5275,31,21,8,2,0
"1429",2017,12,24,"East",2009,2,0,2,0,0
"1430",2017,12,24,"Mid",1960,12,8,4,0,0
"1431",2017,12,24,"South",4170,6,2,4,0,0
"1432",2017,12,24,"West",4531,24,10,14,0,0
"1433",2017,12,25,"East",2016,3,3,0,0,0
"1434",2017,12,25,"Mid",1890,13,12,1,0,0
"1435",2017,12,25,"South",4268,3,1,2,0,0
"1436",2017,12,25,"West",4612,44,27,15,2,0
"1437",2017,12,26,"East",2505,8,3,5,0,0
"1438",2017,12,26,"Mid",2549,23,11,8,4,0
"1439",2017,12,26,"South",5280,6,0,6,0,0
"1440",2017,12,26,"West",5585,23,12,10,1,0
"1441",2017,12,27,"East",2494,3,2,1,0,0
"1442",2017,12,27,"Mid",2557,20,8,10,2,0
"1443",2017,12,27,"South",5274,7,3,3,1,0
"1444",2017,12,27,"West",5603,40,25,7,8,0
"1445",2017,12,28,"East",2500,21,18,3,0,0
"1446",2017,12,28,"Mid",2562,76,54,5,17,0
"1447",2017,12,28,"South",5258,15,15,0,0,0
"1448",2017,12,28,"West",5598,22,15,5,2,0
"1449",2017,12,29,"East",2499,13,10,3,0,0
"1450",2017,12,29,"Mid",2560,63,55,7,1,0
"1451",2017,12,29,"South",5260,14,13,1,0,0
"1452",2017,12,29,"West",5626,30,18,7,5,0
"1453",2017,12,30,"East",2237,10,3,7,0,0
"1454",2017,12,30,"Mid",2320,40,22,17,1,0
"1455",2017,12,30,"South",4973,11,1,10,0,0
"1456",2017,12,30,"West",5270,35,20,13,2,0
"1457",2017,12,31,"East",2025,7,6,1,0,0
"1458",2017,12,31,"Mid",1997,8,4,4,0,0
"1459",2017,12,31,"South",4269,41,17,24,0,0
"1460",2017,12,31,"West",4639,28,7,21,0,0
